40184727-35809076	SPL_SPLICER	positive	2	7	http://dbmi-icode-01.dbmi.pitt.edu/l/index.php?id=0	COUNT
40184727-35708202	SPL_SPLICER	positive	2	7	http://dbmi-icode-01.dbmi.pitt.edu/l/index.php?id=1	COUNT
40184727-35708134	SPL_SPLICER	positive	2	14	http://dbmi-icode-01.dbmi.pitt.edu/l/index.php?id=2	COUNT
40184727-37019321	SPL_SPLICER	positive	2	14	http://dbmi-icode-01.dbmi.pitt.edu/l/index.php?id=3	COUNT
40184727-35708154	SPL_SPLICER	positive	2	7	http://dbmi-icode-01.dbmi.pitt.edu/l/index.php?id=4	COUNT
40184727-36009707	SPL_SPLICER	positive	2	6	http://dbmi-icode-01.dbmi.pitt.edu/l/index.php?id=5	COUNT
40184727-35708208	SPL_SPLICER	positive	2	7	http://dbmi-icode-01.dbmi.pitt.edu/l/index.php?id=6	COUNT
40184727-35909501	SPL_SPLICER	positive	2	14	http://dbmi-icode-01.dbmi.pitt.edu/l/index.php?id=7	COUNT
40184727-35708690	SPL_SPLICER	positive	2	7	http://dbmi-icode-01.dbmi.pitt.edu/l/index.php?id=8	COUNT
40184727-35708100	SPL_SPLICER	positive	2	14	http://dbmi-icode-01.dbmi.pitt.edu/l/index.php?id=9	COUNT
40184727-37320212	SPL_SPLICER	positive	2	7	http://dbmi-icode-01.dbmi.pitt.edu/l/index.php?id=a	COUNT
40184727-35205025	SPL_SPLICER	positive	2	7	http://dbmi-icode-01.dbmi.pitt.edu/l/index.php?id=b	COUNT
40184727-36818833	SPL_SPLICER	positive	2	3	http://dbmi-icode-01.dbmi.pitt.edu/l/index.php?id=c	COUNT
40184727-35708240	SPL_SPLICER	positive	2	14	http://dbmi-icode-01.dbmi.pitt.edu/l/index.php?id=d	COUNT
40184727-36009757	SPL_SPLICER	positive	2	14	http://dbmi-icode-01.dbmi.pitt.edu/l/index.php?id=e	COUNT
40184727-35708093	SPL_SPLICER	positive	2	14	http://dbmi-icode-01.dbmi.pitt.edu/l/index.php?id=f	COUNT
40184727-35708153	SPL_SPLICER	positive	2	7	http://dbmi-icode-01.dbmi.pitt.edu/l/index.php?id=g	COUNT
40184727-36718321	SPL_SPLICER	positive	2	7	http://dbmi-icode-01.dbmi.pitt.edu/l/index.php?id=h	COUNT
40184727-35809234	SPL_SPLICER	positive	2	5	http://dbmi-icode-01.dbmi.pitt.edu/l/index.php?id=i	COUNT
40184727-35708151	SPL_SPLICER	positive	2	14	http://dbmi-icode-01.dbmi.pitt.edu/l/index.php?id=j	COUNT
40184727-35708139	SPL_SPLICER	positive	2	7	http://dbmi-icode-01.dbmi.pitt.edu/l/index.php?id=k	COUNT
40184727-37019410	SPL_SPLICER	positive	2	6	http://dbmi-icode-01.dbmi.pitt.edu/l/index.php?id=l	COUNT
40184727-35708164	SPL_SPLICER	positive	2	7	http://dbmi-icode-01.dbmi.pitt.edu/l/index.php?id=m	COUNT
40184727-36009754	SPL_SPLICER	positive	2	6	http://dbmi-icode-01.dbmi.pitt.edu/l/index.php?id=n	COUNT
40184727-36416606	SPL_SPLICER	positive	2	14	http://dbmi-icode-01.dbmi.pitt.edu/l/index.php?id=o	COUNT
40184727-36009711	SPL_SPLICER	positive	2	6	http://dbmi-icode-01.dbmi.pitt.edu/l/index.php?id=p	COUNT
40184727-36416583	SPL_SPLICER	positive	2	14	http://dbmi-icode-01.dbmi.pitt.edu/l/index.php?id=q	COUNT
40184727-36718132	SPL_SPLICER	positive	2	4	http://dbmi-icode-01.dbmi.pitt.edu/l/index.php?id=r	COUNT
40184727-36009762	SPL_SPLICER	positive	2	7	http://dbmi-icode-01.dbmi.pitt.edu/l/index.php?id=s	COUNT
40184727-36009756	SPL_SPLICER	positive	2	14	http://dbmi-icode-01.dbmi.pitt.edu/l/index.php?id=t	COUNT
40184727-36009925	SPL_SPLICER	positive	2	14	http://dbmi-icode-01.dbmi.pitt.edu/l/index.php?id=u	COUNT
40184727-36009783	SPL_SPLICER	positive	2	7	http://dbmi-icode-01.dbmi.pitt.edu/l/index.php?id=v	COUNT
40184727-37320197	SPL_SPLICER	positive	2	7	http://dbmi-icode-01.dbmi.pitt.edu/l/index.php?id=w	COUNT
40184727-35708006	SPL_SPLICER	positive	2	14	http://dbmi-icode-01.dbmi.pitt.edu/l/index.php?id=x	COUNT
40184727-35809054	SPL_SPLICER	positive	2	2	http://dbmi-icode-01.dbmi.pitt.edu/l/index.php?id=y	COUNT
40184727-37320102	SPL_SPLICER	positive	2	6	http://dbmi-icode-01.dbmi.pitt.edu/l/index.php?id=z	COUNT
40184727-36009724	SPL_SPLICER	positive	2	7	http://dbmi-icode-01.dbmi.pitt.edu/l/index.php?id=00	COUNT
40184727-35708132	SPL_SPLICER	positive	2	7	http://dbmi-icode-01.dbmi.pitt.edu/l/index.php?id=01	COUNT
1597772-35104179	SPL_SPLICER	positive	2	5	http://dbmi-icode-01.dbmi.pitt.edu/l/index.php?id=02	COUNT
1597772-35305833	SPL_SPLICER	positive	2	6	http://dbmi-icode-01.dbmi.pitt.edu/l/index.php?id=03	COUNT
1597772-35708160	SPL_SPLICER	positive	2	4	http://dbmi-icode-01.dbmi.pitt.edu/l/index.php?id=04	COUNT
1597772-35104281	SPL_SPLICER	positive	2	6	http://dbmi-icode-01.dbmi.pitt.edu/l/index.php?id=05	COUNT
1597772-35104691	SPL_SPLICER	positive	2	6	http://dbmi-icode-01.dbmi.pitt.edu/l/index.php?id=06	COUNT
1597772-35607483	SPL_SPLICER	positive	2	6	http://dbmi-icode-01.dbmi.pitt.edu/l/index.php?id=07	COUNT
1597772-37019321	SPL_SPLICER	positive	2	6	http://dbmi-icode-01.dbmi.pitt.edu/l/index.php?id=08	COUNT
1597772-35909518	SPL_SPLICER	positive	2	6	http://dbmi-icode-01.dbmi.pitt.edu/l/index.php?id=09	COUNT
1597772-36314155	SPL_SPLICER	positive	2	6	http://dbmi-icode-01.dbmi.pitt.edu/l/index.php?id=0a	COUNT
1597772-35104868	SPL_SPLICER	positive	2	6	http://dbmi-icode-01.dbmi.pitt.edu/l/index.php?id=0b	COUNT
1597772-35506636	SPL_SPLICER	positive	2	6	http://dbmi-icode-01.dbmi.pitt.edu/l/index.php?id=0c	COUNT
1597772-36009783	SPL_SPLICER	positive	2	6	http://dbmi-icode-01.dbmi.pitt.edu/l/index.php?id=0d	COUNT
1597772-36009723	SPL_SPLICER	positive	2	5	http://dbmi-icode-01.dbmi.pitt.edu/l/index.php?id=0e	COUNT
1597772-36312267	SPL_SPLICER	positive	2	6	http://dbmi-icode-01.dbmi.pitt.edu/l/index.php?id=0f	COUNT
1597772-36718442	SPL_SPLICER	positive	2	4	http://dbmi-icode-01.dbmi.pitt.edu/l/index.php?id=0g	COUNT
1597772-36918861	SPL_SPLICER	positive	2	5	http://dbmi-icode-01.dbmi.pitt.edu/l/index.php?id=0h	COUNT
1597772-37320158	SPL_SPLICER	positive	2	6	http://dbmi-icode-01.dbmi.pitt.edu/l/index.php?id=0i	COUNT
1597772-36312348	SPL_SPLICER	positive	2	6	http://dbmi-icode-01.dbmi.pitt.edu/l/index.php?id=0j	COUNT
1597772-36009711	SPL_SPLICER	positive	2	5	http://dbmi-icode-01.dbmi.pitt.edu/l/index.php?id=0k	COUNT
1597772-37622446	SPL_SPLICER	positive	2	3	http://dbmi-icode-01.dbmi.pitt.edu/l/index.php?id=0l	COUNT
1597772-36918918	SPL_SPLICER	positive	2	6	http://dbmi-icode-01.dbmi.pitt.edu/l/index.php?id=0m	COUNT
1597772-37320217	SPL_SPLICER	positive	2	4	http://dbmi-icode-01.dbmi.pitt.edu/l/index.php?id=0n	COUNT
1597772-35506609	SPL_SPLICER	positive	2	6	http://dbmi-icode-01.dbmi.pitt.edu/l/index.php?id=0o	COUNT
1597772-35205038	SPL_SPLICER	positive	2	4	http://dbmi-icode-01.dbmi.pitt.edu/l/index.php?id=0p	COUNT
1597772-36416600	SPL_SPLICER	positive	2	6	http://dbmi-icode-01.dbmi.pitt.edu/l/index.php?id=0q	COUNT
1597772-36110552	SPL_SPLICER	positive	2	6	http://dbmi-icode-01.dbmi.pitt.edu/l/index.php?id=0r	COUNT
1597772-35506690	SPL_SPLICER	positive	2	6	http://dbmi-icode-01.dbmi.pitt.edu/l/index.php?id=0s	COUNT
1597772-36312070	SPL_SPLICER	positive	2	4	http://dbmi-icode-01.dbmi.pitt.edu/l/index.php?id=0t	COUNT
1597772-35104874	SPL_SPLICER	positive	2	5	http://dbmi-icode-01.dbmi.pitt.edu/l/index.php?id=0u	COUNT
1597772-35708093	SPL_SPLICER	positive	2	4	http://dbmi-icode-01.dbmi.pitt.edu/l/index.php?id=0v	COUNT
1597772-35708208	SPL_SPLICER	positive	2	4	http://dbmi-icode-01.dbmi.pitt.edu/l/index.php?id=0w	COUNT
1597772-35104306	SPL_SPLICER	positive	2	6	http://dbmi-icode-01.dbmi.pitt.edu/l/index.php?id=0x	COUNT
1597772-35104101	SPL_SPLICER	positive	2	6	http://dbmi-icode-01.dbmi.pitt.edu/l/index.php?id=0y	COUNT
1597772-35909469	SPL_SPLICER	positive	2	6	http://dbmi-icode-01.dbmi.pitt.edu/l/index.php?id=0z	COUNT
1597772-35809054	SPL_SPLICER	positive	2	6	http://dbmi-icode-01.dbmi.pitt.edu/l/index.php?id=10	COUNT
1597772-37320197	SPL_SPLICER	positive	2	6	http://dbmi-icode-01.dbmi.pitt.edu/l/index.php?id=11	COUNT
1597772-37320215	SPL_SPLICER	positive	2	4	http://dbmi-icode-01.dbmi.pitt.edu/l/index.php?id=12	COUNT
1597772-37320193	SPL_SPLICER	positive	2	5	http://dbmi-icode-01.dbmi.pitt.edu/l/index.php?id=13	COUNT
1597772-36211303	SPL_SPLICER	positive	2	5	http://dbmi-icode-01.dbmi.pitt.edu/l/index.php?id=14	COUNT
1597772-35104113	SPL_SPLICER	positive	2	6	http://dbmi-icode-01.dbmi.pitt.edu/l/index.php?id=15	COUNT
1597772-35909613	SPL_SPLICER	positive	2	6	http://dbmi-icode-01.dbmi.pitt.edu/l/index.php?id=16	COUNT
1118118-36718376	SPL_SPLICER	positive	2	2	http://dbmi-icode-01.dbmi.pitt.edu/l/index.php?id=17	COUNT
1118118-37622408	SPL_SPLICER	positive	2	2	http://dbmi-icode-01.dbmi.pitt.edu/l/index.php?id=18	COUNT
1118118-36009783	SPL_SPLICER	positive	2	2	http://dbmi-icode-01.dbmi.pitt.edu/l/index.php?id=19	COUNT
1118118-35104074	SPL_SPLICER	positive	2	2	http://dbmi-icode-01.dbmi.pitt.edu/l/index.php?id=1a	COUNT
1118118-36718024	SPL_SPLICER	positive	2	2	http://dbmi-icode-01.dbmi.pitt.edu/l/index.php?id=1b	COUNT
1118118-37019450	SPL_SPLICER	positive	2	2	http://dbmi-icode-01.dbmi.pitt.edu/l/index.php?id=1c	COUNT
1118118-36110722	SPL_SPLICER	positive	2	2	http://dbmi-icode-01.dbmi.pitt.edu/l/index.php?id=1d	COUNT
1118118-35809079	SPL_SPLICER	positive	2	2	http://dbmi-icode-01.dbmi.pitt.edu/l/index.php?id=1e	COUNT
1118118-36718401	SPL_SPLICER	positive	2	2	http://dbmi-icode-01.dbmi.pitt.edu/l/index.php?id=1f	COUNT
1118118-35506628	SPL_SPLICER	positive	2	2	http://dbmi-icode-01.dbmi.pitt.edu/l/index.php?id=1g	COUNT
1118118-36009756	SPL_SPLICER	positive	2	2	http://dbmi-icode-01.dbmi.pitt.edu/l/index.php?id=1h	COUNT
1118118-35809059	SPL_SPLICER	positive	2	2	http://dbmi-icode-01.dbmi.pitt.edu/l/index.php?id=1i	COUNT
1118118-35607006	SPL_SPLICER	positive	2	2	http://dbmi-icode-01.dbmi.pitt.edu/l/index.php?id=1j	COUNT
1118118-36110597	SPL_SPLICER	positive	2	2	http://dbmi-icode-01.dbmi.pitt.edu/l/index.php?id=1k	COUNT
1118118-35205189	SPL_SPLICER	positive	2	2	http://dbmi-icode-01.dbmi.pitt.edu/l/index.php?id=1l	COUNT
1118118-36918908	SPL_SPLICER	positive	2	2	http://dbmi-icode-01.dbmi.pitt.edu/l/index.php?id=1m	COUNT
1118118-36718498	SPL_SPLICER	positive	2	2	http://dbmi-icode-01.dbmi.pitt.edu/l/index.php?id=1n	COUNT
1118118-37019263	SPL_SPLICER	positive	2	2	http://dbmi-icode-01.dbmi.pitt.edu/l/index.php?id=1o	COUNT
1118118-35205184	SPL_SPLICER	positive	2	2	http://dbmi-icode-01.dbmi.pitt.edu/l/index.php?id=1p	COUNT
1118118-36718301	SPL_SPLICER	positive	2	2	http://dbmi-icode-01.dbmi.pitt.edu/l/index.php?id=1q	COUNT
1118118-37622403	SPL_SPLICER	positive	2	2	http://dbmi-icode-01.dbmi.pitt.edu/l/index.php?id=1r	COUNT
1118118-36516867	SPL_SPLICER	positive	2	2	http://dbmi-icode-01.dbmi.pitt.edu/l/index.php?id=1s	COUNT
1118118-35708094	SPL_SPLICER	positive	2	2	http://dbmi-icode-01.dbmi.pitt.edu/l/index.php?id=1t	COUNT
1118118-36311946	SPL_SPLICER	positive	2	2	http://dbmi-icode-01.dbmi.pitt.edu/l/index.php?id=1u	COUNT
1118118-37622416	SPL_SPLICER	positive	2	2	http://dbmi-icode-01.dbmi.pitt.edu/l/index.php?id=1v	COUNT
1118118-36516761	SPL_SPLICER	positive	2	2	http://dbmi-icode-01.dbmi.pitt.edu/l/index.php?id=1w	COUNT
1118118-37622521	SPL_SPLICER	positive	2	2	http://dbmi-icode-01.dbmi.pitt.edu/l/index.php?id=1x	COUNT
1118118-36718214	SPL_SPLICER	positive	2	2	http://dbmi-icode-01.dbmi.pitt.edu/l/index.php?id=1y	COUNT
1118118-37420355	SPL_SPLICER	positive	2	2	http://dbmi-icode-01.dbmi.pitt.edu/l/index.php?id=1z	COUNT
1118118-36717998	SPL_SPLICER	positive	2	2	http://dbmi-icode-01.dbmi.pitt.edu/l/index.php?id=20	COUNT
1118118-37320257	SPL_SPLICER	positive	2	2	http://dbmi-icode-01.dbmi.pitt.edu/l/index.php?id=21	COUNT
1118118-35809134	SPL_SPLICER	positive	2	2	http://dbmi-icode-01.dbmi.pitt.edu/l/index.php?id=22	COUNT
1118118-36718001	SPL_SPLICER	positive	2	2	http://dbmi-icode-01.dbmi.pitt.edu/l/index.php?id=23	COUNT
1118118-36516837	SPL_SPLICER	positive	2	2	http://dbmi-icode-01.dbmi.pitt.edu/l/index.php?id=24	COUNT
1118118-36009704	SPL_SPLICER	positive	2	2	http://dbmi-icode-01.dbmi.pitt.edu/l/index.php?id=25	COUNT
1118118-36211280	SPL_SPLICER	positive	2	2	http://dbmi-icode-01.dbmi.pitt.edu/l/index.php?id=26	COUNT
1118118-36919209	SPL_SPLICER	positive	2	2	http://dbmi-icode-01.dbmi.pitt.edu/l/index.php?id=27	COUNT
1118118-36718458	SPL_SPLICER	positive	2	2	http://dbmi-icode-01.dbmi.pitt.edu/l/index.php?id=28	COUNT
1118118-35809225	SPL_SPLICER	positive	2	2	http://dbmi-icode-01.dbmi.pitt.edu/l/index.php?id=29	COUNT
1118118-37119476	SPL_SPLICER	positive	2	2	http://dbmi-icode-01.dbmi.pitt.edu/l/index.php?id=2a	COUNT
1118118-35708208	SPL_SPLICER	positive	2	2	http://dbmi-icode-01.dbmi.pitt.edu/l/index.php?id=2b	COUNT
1118118-36516848	SPL_SPLICER	positive	2	2	http://dbmi-icode-01.dbmi.pitt.edu/l/index.php?id=2c	COUNT
1118118-36009700	SPL_SPLICER	positive	2	2	http://dbmi-icode-01.dbmi.pitt.edu/l/index.php?id=2d	COUNT
1118118-36918962	SPL_SPLICER	positive	2	2	http://dbmi-icode-01.dbmi.pitt.edu/l/index.php?id=2e	COUNT
1118118-36718395	SPL_SPLICER	positive	2	2	http://dbmi-icode-01.dbmi.pitt.edu/l/index.php?id=2f	COUNT
1118118-36110708	SPL_SPLICER	positive	2	2	http://dbmi-icode-01.dbmi.pitt.edu/l/index.php?id=2g	COUNT
1118118-35809243	SPL_SPLICER	positive	2	2	http://dbmi-icode-01.dbmi.pitt.edu/l/index.php?id=2h	COUNT
1118118-35204981	SPL_SPLICER	positive	2	2	http://dbmi-icode-01.dbmi.pitt.edu/l/index.php?id=2i	COUNT
1118118-36416638	SPL_SPLICER	positive	2	2	http://dbmi-icode-01.dbmi.pitt.edu/l/index.php?id=2j	COUNT
1118118-36718132	SPL_SPLICER	positive	2	2	http://dbmi-icode-01.dbmi.pitt.edu/l/index.php?id=2k	COUNT
1118118-36718449	SPL_SPLICER	positive	2	2	http://dbmi-icode-01.dbmi.pitt.edu/l/index.php?id=2l	COUNT
1118118-37622449	SPL_SPLICER	positive	2	2	http://dbmi-icode-01.dbmi.pitt.edu/l/index.php?id=2m	COUNT
1118118-36516957	SPL_SPLICER	positive	2	2	http://dbmi-icode-01.dbmi.pitt.edu/l/index.php?id=2n	COUNT
1118118-35104181	SPL_SPLICER	positive	2	2	http://dbmi-icode-01.dbmi.pitt.edu/l/index.php?id=2o	COUNT
1118118-36009711	SPL_SPLICER	positive	2	2	http://dbmi-icode-01.dbmi.pitt.edu/l/index.php?id=2p	COUNT
1118118-37522077	SPL_SPLICER	positive	2	2	http://dbmi-icode-01.dbmi.pitt.edu/l/index.php?id=2q	COUNT
1118118-36516812	SPL_SPLICER	positive	2	2	http://dbmi-icode-01.dbmi.pitt.edu/l/index.php?id=2r	COUNT
1118118-36311910	SPL_SPLICER	positive	2	2	http://dbmi-icode-01.dbmi.pitt.edu/l/index.php?id=2s	COUNT
1118118-37622518	SPL_SPLICER	positive	2	2	http://dbmi-icode-01.dbmi.pitt.edu/l/index.php?id=2t	COUNT
1118118-36718067	SPL_SPLICER	positive	2	2	http://dbmi-icode-01.dbmi.pitt.edu/l/index.php?id=2u	COUNT
1118118-36009773	SPL_SPLICER	positive	2	2	http://dbmi-icode-01.dbmi.pitt.edu/l/index.php?id=2v	COUNT
1118118-37622440	SPL_SPLICER	positive	2	2	http://dbmi-icode-01.dbmi.pitt.edu/l/index.php?id=2w	COUNT
1118118-36416634	SPL_SPLICER	positive	2	2	http://dbmi-icode-01.dbmi.pitt.edu/l/index.php?id=2x	COUNT
1118118-37119485	SPL_SPLICER	positive	2	2	http://dbmi-icode-01.dbmi.pitt.edu/l/index.php?id=2y	COUNT
1118118-35506609	SPL_SPLICER	positive	2	2	http://dbmi-icode-01.dbmi.pitt.edu/l/index.php?id=2z	COUNT
1118118-36718368	SPL_SPLICER	positive	2	2	http://dbmi-icode-01.dbmi.pitt.edu/l/index.php?id=30	COUNT
1118118-35809098	SPL_SPLICER	positive	2	2	http://dbmi-icode-01.dbmi.pitt.edu/l/index.php?id=31	COUNT
1118118-37219965	SPL_SPLICER	positive	2	2	http://dbmi-icode-01.dbmi.pitt.edu/l/index.php?id=32	COUNT
1118118-37622545	SPL_SPLICER	positive	2	2	http://dbmi-icode-01.dbmi.pitt.edu/l/index.php?id=33	COUNT
1118118-35708083	SPL_SPLICER	positive	2	2	http://dbmi-icode-01.dbmi.pitt.edu/l/index.php?id=34	COUNT
1118118-35205183	SPL_SPLICER	positive	2	2	http://dbmi-icode-01.dbmi.pitt.edu/l/index.php?id=35	COUNT
1118118-36313548	SPL_SPLICER	positive	2	2	http://dbmi-icode-01.dbmi.pitt.edu/l/index.php?id=36	COUNT
1118118-36718272	SPL_SPLICER	positive	2	2	http://dbmi-icode-01.dbmi.pitt.edu/l/index.php?id=37	COUNT
1118118-36516841	SPL_SPLICER	positive	2	2	http://dbmi-icode-01.dbmi.pitt.edu/l/index.php?id=38	COUNT
1118118-35708206	SPL_SPLICER	positive	2	2	http://dbmi-icode-01.dbmi.pitt.edu/l/index.php?id=39	COUNT
1118118-37320212	SPL_SPLICER	positive	2	2	http://dbmi-icode-01.dbmi.pitt.edu/l/index.php?id=3a	COUNT
1118118-37019423	SPL_SPLICER	positive	2	2	http://dbmi-icode-01.dbmi.pitt.edu/l/index.php?id=3b	COUNT
1118118-36718280	SPL_SPLICER	positive	2	2	http://dbmi-icode-01.dbmi.pitt.edu/l/index.php?id=3c	COUNT
1118118-35809076	SPL_SPLICER	positive	2	2	http://dbmi-icode-01.dbmi.pitt.edu/l/index.php?id=3d	COUNT
1118118-35204980	SPL_SPLICER	positive	2	2	http://dbmi-icode-01.dbmi.pitt.edu/l/index.php?id=3e	COUNT
1118118-36516851	SPL_SPLICER	positive	2	2	http://dbmi-icode-01.dbmi.pitt.edu/l/index.php?id=3f	COUNT
1118118-35406326	SPL_SPLICER	positive	2	2	http://dbmi-icode-01.dbmi.pitt.edu/l/index.php?id=3g	COUNT
1118118-35606964	SPL_SPLICER	positive	2	2	http://dbmi-icode-01.dbmi.pitt.edu/l/index.php?id=3h	COUNT
1118118-36919194	SPL_SPLICER	positive	2	2	http://dbmi-icode-01.dbmi.pitt.edu/l/index.php?id=3i	COUNT
1118118-35809082	SPL_SPLICER	positive	2	2	http://dbmi-icode-01.dbmi.pitt.edu/l/index.php?id=3j	COUNT
1118118-36718372	SPL_SPLICER	positive	2	2	http://dbmi-icode-01.dbmi.pitt.edu/l/index.php?id=3k	COUNT
1118118-36718382	SPL_SPLICER	positive	2	2	http://dbmi-icode-01.dbmi.pitt.edu/l/index.php?id=3l	COUNT
1118118-36918858	SPL_SPLICER	positive	2	2	http://dbmi-icode-01.dbmi.pitt.edu/l/index.php?id=3m	COUNT
1118118-36919069	SPL_SPLICER	positive	2	2	http://dbmi-icode-01.dbmi.pitt.edu/l/index.php?id=3n	COUNT
1118118-35406392	SPL_SPLICER	positive	2	2	http://dbmi-icode-01.dbmi.pitt.edu/l/index.php?id=3o	COUNT
1118118-35204985	SPL_SPLICER	positive	2	2	http://dbmi-icode-01.dbmi.pitt.edu/l/index.php?id=3p	COUNT
1118118-35607483	SPL_SPLICER	positive	2	2	http://dbmi-icode-01.dbmi.pitt.edu/l/index.php?id=3q	COUNT
1118118-35708164	SPL_SPLICER	positive	2	2	http://dbmi-icode-01.dbmi.pitt.edu/l/index.php?id=3r	COUNT
1118118-36718285	SPL_SPLICER	positive	2	2	http://dbmi-icode-01.dbmi.pitt.edu/l/index.php?id=3s	COUNT
1118118-36718347	SPL_SPLICER	positive	2	2	http://dbmi-icode-01.dbmi.pitt.edu/l/index.php?id=3t	COUNT
1118118-36718265	SPL_SPLICER	positive	2	2	http://dbmi-icode-01.dbmi.pitt.edu/l/index.php?id=3u	COUNT
1118118-35708100	SPL_SPLICER	positive	2	2	http://dbmi-icode-01.dbmi.pitt.edu/l/index.php?id=3v	COUNT
1118118-36110584	SPL_SPLICER	positive	2	2	http://dbmi-icode-01.dbmi.pitt.edu/l/index.php?id=3w	COUNT
1118118-36312077	SPL_SPLICER	positive	2	2	http://dbmi-icode-01.dbmi.pitt.edu/l/index.php?id=3x	COUNT
1118118-35707907	SPL_SPLICER	positive	2	2	http://dbmi-icode-01.dbmi.pitt.edu/l/index.php?id=3y	COUNT
1118118-36718315	SPL_SPLICER	positive	2	2	http://dbmi-icode-01.dbmi.pitt.edu/l/index.php?id=3z	COUNT
1118118-36718298	SPL_SPLICER	positive	2	2	http://dbmi-icode-01.dbmi.pitt.edu/l/index.php?id=40	COUNT
1118118-37420593	SPL_SPLICER	positive	2	2	http://dbmi-icode-01.dbmi.pitt.edu/l/index.php?id=41	COUNT
1118118-37622442	SPL_SPLICER	positive	2	2	http://dbmi-icode-01.dbmi.pitt.edu/l/index.php?id=42	COUNT
1118118-35708202	SPL_SPLICER	positive	2	2	http://dbmi-icode-01.dbmi.pitt.edu/l/index.php?id=43	COUNT
1118118-35205025	SPL_SPLICER	positive	2	2	http://dbmi-icode-01.dbmi.pitt.edu/l/index.php?id=44	COUNT
1118118-36718320	SPL_SPLICER	positive	2	2	http://dbmi-icode-01.dbmi.pitt.edu/l/index.php?id=45	COUNT
1118118-36516973	SPL_SPLICER	positive	2	2	http://dbmi-icode-01.dbmi.pitt.edu/l/index.php?id=46	COUNT
1118118-37622529	SPL_SPLICER	positive	2	2	http://dbmi-icode-01.dbmi.pitt.edu/l/index.php?id=47	COUNT
1118118-35809095	SPL_SPLICER	positive	2	2	http://dbmi-icode-01.dbmi.pitt.edu/l/index.php?id=48	COUNT
1118118-35506797	SPL_SPLICER	positive	2	2	http://dbmi-icode-01.dbmi.pitt.edu/l/index.php?id=49	COUNT
1118118-35809166	SPL_SPLICER	positive	2	2	http://dbmi-icode-01.dbmi.pitt.edu/l/index.php?id=4a	COUNT
1118118-36718321	SPL_SPLICER	positive	2	2	http://dbmi-icode-01.dbmi.pitt.edu/l/index.php?id=4b	COUNT
1118118-35809073	SPL_SPLICER	positive	2	2	http://dbmi-icode-01.dbmi.pitt.edu/l/index.php?id=4c	COUNT
1118118-35205034	SPL_SPLICER	positive	2	2	http://dbmi-icode-01.dbmi.pitt.edu/l/index.php?id=4d	COUNT
1118118-35809139	SPL_SPLICER	positive	2	2	http://dbmi-icode-01.dbmi.pitt.edu/l/index.php?id=4e	COUNT
1118118-35809181	SPL_SPLICER	positive	2	2	http://dbmi-icode-01.dbmi.pitt.edu/l/index.php?id=4f	COUNT
1118118-35708360	SPL_SPLICER	positive	2	2	http://dbmi-icode-01.dbmi.pitt.edu/l/index.php?id=4g	COUNT
1118118-36718543	SPL_SPLICER	positive	2	2	http://dbmi-icode-01.dbmi.pitt.edu/l/index.php?id=4h	COUNT
1118118-36718379	SPL_SPLICER	positive	2	2	http://dbmi-icode-01.dbmi.pitt.edu/l/index.php?id=4i	COUNT
1118118-36110710	SPL_SPLICER	positive	2	2	http://dbmi-icode-01.dbmi.pitt.edu/l/index.php?id=4j	COUNT
1118118-36416534	SPL_SPLICER	positive	2	2	http://dbmi-icode-01.dbmi.pitt.edu/l/index.php?id=4k	COUNT
1118118-35204947	SPL_SPLICER	positive	2	2	http://dbmi-icode-01.dbmi.pitt.edu/l/index.php?id=4l	COUNT
1118118-37320268	SPL_SPLICER	positive	2	2	http://dbmi-icode-01.dbmi.pitt.edu/l/index.php?id=4m	COUNT
1118118-36009759	SPL_SPLICER	positive	2	2	http://dbmi-icode-01.dbmi.pitt.edu/l/index.php?id=4n	COUNT
1118118-35406387	SPL_SPLICER	positive	2	2	http://dbmi-icode-01.dbmi.pitt.edu/l/index.php?id=4o	COUNT
1118118-37320192	SPL_SPLICER	positive	2	2	http://dbmi-icode-01.dbmi.pitt.edu/l/index.php?id=4p	COUNT
1118118-35205195	SPL_SPLICER	positive	2	2	http://dbmi-icode-01.dbmi.pitt.edu/l/index.php?id=4q	COUNT
1118118-36416610	SPL_SPLICER	positive	2	2	http://dbmi-icode-01.dbmi.pitt.edu/l/index.php?id=4r	COUNT
1118118-35406391	SPL_SPLICER	positive	2	2	http://dbmi-icode-01.dbmi.pitt.edu/l/index.php?id=4s	COUNT
1118118-35708093	SPL_SPLICER	positive	2	2	http://dbmi-icode-01.dbmi.pitt.edu/l/index.php?id=4t	COUNT
1118118-35708278	SPL_SPLICER	positive	2	2	http://dbmi-icode-01.dbmi.pitt.edu/l/index.php?id=4u	COUNT
1118118-36313224	SPL_SPLICER	positive	2	2	http://dbmi-icode-01.dbmi.pitt.edu/l/index.php?id=4v	COUNT
1118118-37119482	SPL_SPLICER	positive	2	2	http://dbmi-icode-01.dbmi.pitt.edu/l/index.php?id=4w	COUNT
1118118-35607320	SPL_SPLICER	positive	2	2	http://dbmi-icode-01.dbmi.pitt.edu/l/index.php?id=4x	COUNT
1118118-37320109	SPL_SPLICER	positive	2	2	http://dbmi-icode-01.dbmi.pitt.edu/l/index.php?id=4y	COUNT
1118118-36718526	SPL_SPLICER	positive	2	2	http://dbmi-icode-01.dbmi.pitt.edu/l/index.php?id=4z	COUNT
1118118-37320158	SPL_SPLICER	positive	2	2	http://dbmi-icode-01.dbmi.pitt.edu/l/index.php?id=50	COUNT
1118118-35205190	SPL_SPLICER	positive	2	2	http://dbmi-icode-01.dbmi.pitt.edu/l/index.php?id=51	COUNT
1118118-36919059	SPL_SPLICER	positive	2	2	http://dbmi-icode-01.dbmi.pitt.edu/l/index.php?id=52	COUNT
1118118-37320193	SPL_SPLICER	positive	2	2	http://dbmi-icode-01.dbmi.pitt.edu/l/index.php?id=53	COUNT
1118118-35809083	SPL_SPLICER	positive	2	2	http://dbmi-icode-01.dbmi.pitt.edu/l/index.php?id=54	COUNT
1118118-37320197	SPL_SPLICER	positive	2	2	http://dbmi-icode-01.dbmi.pitt.edu/l/index.php?id=55	COUNT
1118118-35607489	SPL_SPLICER	positive	2	2	http://dbmi-icode-01.dbmi.pitt.edu/l/index.php?id=56	COUNT
1118118-35205164	SPL_SPLICER	positive	2	2	http://dbmi-icode-01.dbmi.pitt.edu/l/index.php?id=57	COUNT
1118118-35204953	SPL_SPLICER	positive	2	2	http://dbmi-icode-01.dbmi.pitt.edu/l/index.php?id=58	COUNT
1118118-35104691	SPL_SPLICER	positive	2	2	http://dbmi-icode-01.dbmi.pitt.edu/l/index.php?id=59	COUNT
1118118-35708154	SPL_SPLICER	positive	2	2	http://dbmi-icode-01.dbmi.pitt.edu/l/index.php?id=5a	COUNT
1118118-37019448	SPL_SPLICER	positive	2	2	http://dbmi-icode-01.dbmi.pitt.edu/l/index.php?id=5b	COUNT
1118118-36718005	SPL_SPLICER	positive	2	2	http://dbmi-icode-01.dbmi.pitt.edu/l/index.php?id=5c	COUNT
1118118-37019399	SPL_SPLICER	positive	2	2	http://dbmi-icode-01.dbmi.pitt.edu/l/index.php?id=5d	COUNT
1118118-35204928	SPL_SPLICER	positive	2	2	http://dbmi-icode-01.dbmi.pitt.edu/l/index.php?id=5e	COUNT
1118118-35506691	SPL_SPLICER	positive	2	2	http://dbmi-icode-01.dbmi.pitt.edu/l/index.php?id=5f	COUNT
1118118-35708717	SPL_SPLICER	positive	2	2	http://dbmi-icode-01.dbmi.pitt.edu/l/index.php?id=5g	COUNT
1118118-37622407	SPL_SPLICER	positive	2	1	http://dbmi-icode-01.dbmi.pitt.edu/l/index.php?id=5h	COUNT
1118118-36416606	SPL_SPLICER	positive	2	2	http://dbmi-icode-01.dbmi.pitt.edu/l/index.php?id=5i	COUNT
1118118-35708050	SPL_SPLICER	positive	2	2	http://dbmi-icode-01.dbmi.pitt.edu/l/index.php?id=5j	COUNT
1118118-36919118	SPL_SPLICER	positive	2	2	http://dbmi-icode-01.dbmi.pitt.edu/l/index.php?id=5k	COUNT
1118118-35708603	SPL_SPLICER	positive	2	2	http://dbmi-icode-01.dbmi.pitt.edu/l/index.php?id=5l	COUNT
1118118-36718072	SPL_SPLICER	positive	2	2	http://dbmi-icode-01.dbmi.pitt.edu/l/index.php?id=5m	COUNT
1118118-35809039	SPL_SPLICER	positive	2	2	http://dbmi-icode-01.dbmi.pitt.edu/l/index.php?id=5n	COUNT
1118118-36110697	SPL_SPLICER	positive	2	2	http://dbmi-icode-01.dbmi.pitt.edu/l/index.php?id=5o	COUNT
1118118-35205038	SPL_SPLICER	positive	2	2	http://dbmi-icode-01.dbmi.pitt.edu/l/index.php?id=5p	COUNT
1118118-35809054	SPL_SPLICER	positive	2	2	http://dbmi-icode-01.dbmi.pitt.edu/l/index.php?id=5q	COUNT
1118118-36311779	SPL_SPLICER	positive	2	2	http://dbmi-icode-01.dbmi.pitt.edu/l/index.php?id=5r	COUNT
1118118-35606946	SPL_SPLICER	positive	2	2	http://dbmi-icode-01.dbmi.pitt.edu/l/index.php?id=5s	COUNT
1118118-36313594	SPL_SPLICER	positive	2	2	http://dbmi-icode-01.dbmi.pitt.edu/l/index.php?id=5t	COUNT
1118118-36918984	SPL_SPLICER	positive	2	2	http://dbmi-icode-01.dbmi.pitt.edu/l/index.php?id=5u	COUNT
1118118-35809234	SPL_SPLICER	positive	2	2	http://dbmi-icode-01.dbmi.pitt.edu/l/index.php?id=5v	COUNT
1118118-36110039	SPL_SPLICER	positive	2	2	http://dbmi-icode-01.dbmi.pitt.edu/l/index.php?id=5w	COUNT
1118118-37219859	SPL_SPLICER	positive	2	2	http://dbmi-icode-01.dbmi.pitt.edu/l/index.php?id=5x	COUNT
1118118-35205180	SPL_SPLICER	positive	2	2	http://dbmi-icode-01.dbmi.pitt.edu/l/index.php?id=5y	COUNT
1118118-37219907	SPL_SPLICER	positive	2	2	http://dbmi-icode-01.dbmi.pitt.edu/l/index.php?id=5z	COUNT
1118118-37320108	SPL_SPLICER	positive	2	2	http://dbmi-icode-01.dbmi.pitt.edu/l/index.php?id=60	COUNT
1118118-35204954	SPL_SPLICER	positive	2	2	http://dbmi-icode-01.dbmi.pitt.edu/l/index.php?id=61	COUNT
1118118-36718288	SPL_SPLICER	positive	2	2	http://dbmi-icode-01.dbmi.pitt.edu/l/index.php?id=62	COUNT
1118118-36918942	SPL_SPLICER	positive	2	2	http://dbmi-icode-01.dbmi.pitt.edu/l/index.php?id=63	COUNT
1118118-37019433	SPL_SPLICER	positive	2	2	http://dbmi-icode-01.dbmi.pitt.edu/l/index.php?id=64	COUNT
1118118-35205037	SPL_SPLICER	positive	2	2	http://dbmi-icode-01.dbmi.pitt.edu/l/index.php?id=65	COUNT
1118118-37119708	SPL_SPLICER	positive	2	2	http://dbmi-icode-01.dbmi.pitt.edu/l/index.php?id=66	COUNT
1118118-35204948	SPL_SPLICER	positive	2	2	http://dbmi-icode-01.dbmi.pitt.edu/l/index.php?id=67	COUNT
1118118-36312221	SPL_SPLICER	positive	2	2	http://dbmi-icode-01.dbmi.pitt.edu/l/index.php?id=68	COUNT
1118118-36718141	SPL_SPLICER	positive	2	2	http://dbmi-icode-01.dbmi.pitt.edu/l/index.php?id=69	COUNT
40162552-37320197	SPL_SPLICER	positive	2	13	http://dbmi-icode-01.dbmi.pitt.edu/l/index.php?id=6a	COUNT
40162552-35104874	SPL_SPLICER	positive	2	13	http://dbmi-icode-01.dbmi.pitt.edu/l/index.php?id=6b	COUNT
40162552-36313967	SPL_SPLICER	positive	2	4	http://dbmi-icode-01.dbmi.pitt.edu/l/index.php?id=6c	COUNT
40162552-37219960	SPL_SPLICER	positive	2	4	http://dbmi-icode-01.dbmi.pitt.edu/l/index.php?id=6d	COUNT
40162552-36919126	SPL_SPLICER	positive	2	11	http://dbmi-icode-01.dbmi.pitt.edu/l/index.php?id=6e	COUNT
40162552-36919127	SPL_SPLICER	positive	2	8	http://dbmi-icode-01.dbmi.pitt.edu/l/index.php?id=6f	COUNT
40162552-35809310	SPL_SPLICER	positive	2	3	http://dbmi-icode-01.dbmi.pitt.edu/l/index.php?id=6g	COUNT
40162552-37019367	SPL_SPLICER	positive	2	12	http://dbmi-icode-01.dbmi.pitt.edu/l/index.php?id=6h	COUNT
40162552-36718321	SPL_SPLICER	positive	2	12	http://dbmi-icode-01.dbmi.pitt.edu/l/index.php?id=6i	COUNT
40162552-35506797	SPL_SPLICER	positive	2	11	http://dbmi-icode-01.dbmi.pitt.edu/l/index.php?id=6j	COUNT
40162552-35708202	SPL_SPLICER	positive	2	13	http://dbmi-icode-01.dbmi.pitt.edu/l/index.php?id=6k	COUNT
40162552-36718182	SPL_SPLICER	positive	2	11	http://dbmi-icode-01.dbmi.pitt.edu/l/index.php?id=6l	COUNT
40162552-35809077	SPL_SPLICER	positive	2	13	http://dbmi-icode-01.dbmi.pitt.edu/l/index.php?id=6m	COUNT
40162552-35708100	SPL_SPLICER	positive	2	10	http://dbmi-icode-01.dbmi.pitt.edu/l/index.php?id=6n	COUNT
40162552-36316116	SPL_SPLICER	positive	2	5	http://dbmi-icode-01.dbmi.pitt.edu/l/index.php?id=6o	COUNT
40162552-35205025	SPL_SPLICER	positive	2	13	http://dbmi-icode-01.dbmi.pitt.edu/l/index.php?id=6p	COUNT
40162552-36718320	SPL_SPLICER	positive	2	13	http://dbmi-icode-01.dbmi.pitt.edu/l/index.php?id=6q	COUNT
40162552-35809139	SPL_SPLICER	positive	2	5	http://dbmi-icode-01.dbmi.pitt.edu/l/index.php?id=6r	COUNT
40162552-35708208	SPL_SPLICER	positive	2	12	http://dbmi-icode-01.dbmi.pitt.edu/l/index.php?id=6s	COUNT
40162552-36918858	SPL_SPLICER	positive	2	12	http://dbmi-icode-01.dbmi.pitt.edu/l/index.php?id=6t	COUNT
40162552-37320212	SPL_SPLICER	positive	2	13	http://dbmi-icode-01.dbmi.pitt.edu/l/index.php?id=6u	COUNT
40162552-37219907	SPL_SPLICER	positive	2	12	http://dbmi-icode-01.dbmi.pitt.edu/l/index.php?id=6v	COUNT
40162552-37119607	SPL_SPLICER	positive	2	11	http://dbmi-icode-01.dbmi.pitt.edu/l/index.php?id=6w	COUNT
40162552-37219894	SPL_SPLICER	positive	2	13	http://dbmi-icode-01.dbmi.pitt.edu/l/index.php?id=6x	COUNT
40162552-36918869	SPL_SPLICER	positive	2	12	http://dbmi-icode-01.dbmi.pitt.edu/l/index.php?id=6y	COUNT
40162552-36316293	SPL_SPLICER	positive	2	11	http://dbmi-icode-01.dbmi.pitt.edu/l/index.php?id=6z	COUNT
40162552-37019379	SPL_SPLICER	positive	2	11	http://dbmi-icode-01.dbmi.pitt.edu/l/index.php?id=70	COUNT
40162552-36919043	SPL_SPLICER	positive	2	12	http://dbmi-icode-01.dbmi.pitt.edu/l/index.php?id=71	COUNT
40162552-36718155	SPL_SPLICER	positive	2	10	http://dbmi-icode-01.dbmi.pitt.edu/l/index.php?id=72	COUNT
40162552-36211375	SPL_SPLICER	positive	2	12	http://dbmi-icode-01.dbmi.pitt.edu/l/index.php?id=73	COUNT
40162552-37019308	SPL_SPLICER	positive	2	3	http://dbmi-icode-01.dbmi.pitt.edu/l/index.php?id=74	COUNT
40162552-35809054	SPL_SPLICER	positive	2	4	http://dbmi-icode-01.dbmi.pitt.edu/l/index.php?id=75	COUNT
40162552-37019410	SPL_SPLICER	positive	2	11	http://dbmi-icode-01.dbmi.pitt.edu/l/index.php?id=76	COUNT
40162552-36718301	SPL_SPLICER	positive	2	5	http://dbmi-icode-01.dbmi.pitt.edu/l/index.php?id=77	COUNT
40162552-36718214	SPL_SPLICER	positive	2	3	http://dbmi-icode-01.dbmi.pitt.edu/l/index.php?id=78	COUNT
40162552-36718315	SPL_SPLICER	positive	2	6	http://dbmi-icode-01.dbmi.pitt.edu/l/index.php?id=79	COUNT
40162552-36315362	SPL_SPLICER	positive	2	4	http://dbmi-icode-01.dbmi.pitt.edu/l/index.php?id=7a	COUNT
40162552-36009711	SPL_SPLICER	positive	2	12	http://dbmi-icode-01.dbmi.pitt.edu/l/index.php?id=7b	COUNT
40162552-36718353	SPL_SPLICER	positive	2	5	http://dbmi-icode-01.dbmi.pitt.edu/l/index.php?id=7c	COUNT
40162552-37219966	SPL_SPLICER	positive	2	5	http://dbmi-icode-01.dbmi.pitt.edu/l/index.php?id=7d	COUNT
40162552-35104691	SPL_SPLICER	positive	2	12	http://dbmi-icode-01.dbmi.pitt.edu/l/index.php?id=7e	COUNT
40162552-36818833	SPL_SPLICER	positive	2	5	http://dbmi-icode-01.dbmi.pitt.edu/l/index.php?id=7f	COUNT
40162552-35506457	SPL_SPLICER	positive	2	11	http://dbmi-icode-01.dbmi.pitt.edu/l/index.php?id=7g	COUNT
40162552-36919050	SPL_SPLICER	positive	2	13	http://dbmi-icode-01.dbmi.pitt.edu/l/index.php?id=7h	COUNT
40162552-37019321	SPL_SPLICER	positive	2	4	http://dbmi-icode-01.dbmi.pitt.edu/l/index.php?id=7i	COUNT
19027625-36718361	SPL_SPLICER	positive	2	6	http://dbmi-icode-01.dbmi.pitt.edu/l/index.php?id=7j	COUNT
19027625-37219894	SPL_SPLICER	positive	2	6	http://dbmi-icode-01.dbmi.pitt.edu/l/index.php?id=7k	COUNT
19027625-36718321	SPL_SPLICER	positive	2	6	http://dbmi-icode-01.dbmi.pitt.edu/l/index.php?id=7l	COUNT
19027625-37019412	SPL_SPLICER	positive	2	6	http://dbmi-icode-01.dbmi.pitt.edu/l/index.php?id=7m	COUNT
19027625-35809101	SPL_SPLICER	positive	2	6	http://dbmi-icode-01.dbmi.pitt.edu/l/index.php?id=7n	COUNT
19027625-36315580	SPL_SPLICER	positive	2	4	http://dbmi-icode-01.dbmi.pitt.edu/l/index.php?id=7o	COUNT
19027625-35708038	SPL_SPLICER	positive	2	3	http://dbmi-icode-01.dbmi.pitt.edu/l/index.php?id=7p	COUNT
19027625-37019322	SPL_SPLICER	positive	2	6	http://dbmi-icode-01.dbmi.pitt.edu/l/index.php?id=7q	COUNT
19027625-35809130	SPL_SPLICER	positive	2	6	http://dbmi-icode-01.dbmi.pitt.edu/l/index.php?id=7r	COUNT
19027625-36211181	SPL_SPLICER	positive	2	5	http://dbmi-icode-01.dbmi.pitt.edu/l/index.php?id=7s	COUNT
19027625-37622476	SPL_SPLICER	positive	2	6	http://dbmi-icode-01.dbmi.pitt.edu/l/index.php?id=7t	COUNT
19027625-36718461	SPL_SPLICER	positive	2	4	http://dbmi-icode-01.dbmi.pitt.edu/l/index.php?id=7u	COUNT
19027625-35809139	SPL_SPLICER	positive	2	4	http://dbmi-icode-01.dbmi.pitt.edu/l/index.php?id=7v	COUNT
19027625-37521921	SPL_SPLICER	positive	2	6	http://dbmi-icode-01.dbmi.pitt.edu/l/index.php?id=7w	COUNT
19027625-35809054	SPL_SPLICER	positive	2	6	http://dbmi-icode-01.dbmi.pitt.edu/l/index.php?id=7x	COUNT
19027625-37019321	SPL_SPLICER	positive	2	5	http://dbmi-icode-01.dbmi.pitt.edu/l/index.php?id=7y	COUNT
19027625-36110574	SPL_SPLICER	positive	2	6	http://dbmi-icode-01.dbmi.pitt.edu/l/index.php?id=7z	COUNT
19027625-36718395	SPL_SPLICER	positive	2	4	http://dbmi-icode-01.dbmi.pitt.edu/l/index.php?id=80	COUNT
19027625-35708093	SPL_SPLICER	positive	2	3	http://dbmi-icode-01.dbmi.pitt.edu/l/index.php?id=81	COUNT
19027625-36718245	SPL_SPLICER	positive	2	6	http://dbmi-icode-01.dbmi.pitt.edu/l/index.php?id=82	COUNT
19027625-36315577	SPL_SPLICER	positive	2	5	http://dbmi-icode-01.dbmi.pitt.edu/l/index.php?id=83	COUNT
19027625-36110015	SPL_SPLICER	positive	2	6	http://dbmi-icode-01.dbmi.pitt.edu/l/index.php?id=84	COUNT
19027625-36718379	SPL_SPLICER	positive	2	4	http://dbmi-icode-01.dbmi.pitt.edu/l/index.php?id=85	COUNT
19027625-35809243	SPL_SPLICER	positive	2	6	http://dbmi-icode-01.dbmi.pitt.edu/l/index.php?id=86	COUNT
19027625-37219885	SPL_SPLICER	positive	2	5	http://dbmi-icode-01.dbmi.pitt.edu/l/index.php?id=87	COUNT
19027625-36211179	SPL_SPLICER	positive	2	4	http://dbmi-icode-01.dbmi.pitt.edu/l/index.php?id=88	COUNT
19027625-36516973	SPL_SPLICER	positive	2	6	http://dbmi-icode-01.dbmi.pitt.edu/l/index.php?id=89	COUNT
19027625-36009783	SPL_SPLICER	positive	2	6	http://dbmi-icode-01.dbmi.pitt.edu/l/index.php?id=8a	COUNT
19027625-36818833	SPL_SPLICER	positive	2	4	http://dbmi-icode-01.dbmi.pitt.edu/l/index.php?id=8b	COUNT
19027625-36315021	SPL_SPLICER	positive	2	5	http://dbmi-icode-01.dbmi.pitt.edu/l/index.php?id=8c	COUNT
19027625-35607483	SPL_SPLICER	positive	2	5	http://dbmi-icode-01.dbmi.pitt.edu/l/index.php?id=8d	COUNT
19027625-35205025	SPL_SPLICER	positive	2	6	http://dbmi-icode-01.dbmi.pitt.edu/l/index.php?id=8e	COUNT
19027625-37522077	SPL_SPLICER	positive	2	6	http://dbmi-icode-01.dbmi.pitt.edu/l/index.php?id=8f	COUNT
19027625-36315537	SPL_SPLICER	positive	2	3	http://dbmi-icode-01.dbmi.pitt.edu/l/index.php?id=8g	COUNT
19027625-36718132	SPL_SPLICER	positive	2	6	http://dbmi-icode-01.dbmi.pitt.edu/l/index.php?id=8h	COUNT
19027625-36315753	SPL_SPLICER	positive	2	5	http://dbmi-icode-01.dbmi.pitt.edu/l/index.php?id=8i	COUNT
19027625-35809072	SPL_SPLICER	positive	2	5	http://dbmi-icode-01.dbmi.pitt.edu/l/index.php?id=8j	COUNT
1304567-37320212	SPL_SPLICER	positive	2	2	http://dbmi-icode-01.dbmi.pitt.edu/l/index.php?id=8k	COUNT
1304567-35708154	SPL_SPLICER	positive	2	2	http://dbmi-icode-01.dbmi.pitt.edu/l/index.php?id=8l	COUNT
1304567-35104211	SPL_SPLICER	positive	2	2	http://dbmi-icode-01.dbmi.pitt.edu/l/index.php?id=8m	COUNT
1304567-37622476	SPL_SPLICER	positive	2	1	http://dbmi-icode-01.dbmi.pitt.edu/l/index.php?id=8n	COUNT
1304567-35809054	SPL_SPLICER	positive	2	2	http://dbmi-icode-01.dbmi.pitt.edu/l/index.php?id=8o	COUNT
1304567-35205023	SPL_SPLICER	positive	2	1	http://dbmi-icode-01.dbmi.pitt.edu/l/index.php?id=8p	COUNT
1304567-35104302	SPL_SPLICER	positive	2	2	http://dbmi-icode-01.dbmi.pitt.edu/l/index.php?id=8q	COUNT
1304567-35809082	SPL_SPLICER	positive	2	1	http://dbmi-icode-01.dbmi.pitt.edu/l/index.php?id=8r	COUNT
1304567-35204966	SPL_SPLICER	positive	2	1	http://dbmi-icode-01.dbmi.pitt.edu/l/index.php?id=8s	COUNT
1304567-35708202	SPL_SPLICER	positive	2	2	http://dbmi-icode-01.dbmi.pitt.edu/l/index.php?id=8t	COUNT
1304567-37019319	SPL_SPLICER	positive	2	1	http://dbmi-icode-01.dbmi.pitt.edu/l/index.php?id=8u	COUNT
1304567-36110552	SPL_SPLICER	positive	2	1	http://dbmi-icode-01.dbmi.pitt.edu/l/index.php?id=8v	COUNT
1304567-36009756	SPL_SPLICER	positive	2	2	http://dbmi-icode-01.dbmi.pitt.edu/l/index.php?id=8w	COUNT
1304567-35708093	SPL_SPLICER	positive	2	2	http://dbmi-icode-01.dbmi.pitt.edu/l/index.php?id=8x	COUNT
1304567-35708208	SPL_SPLICER	positive	2	2	http://dbmi-icode-01.dbmi.pitt.edu/l/index.php?id=8y	COUNT
1304567-35708242	SPL_SPLICER	positive	2	1	http://dbmi-icode-01.dbmi.pitt.edu/l/index.php?id=8z	COUNT
1304567-36416589	SPL_SPLICER	positive	2	2	http://dbmi-icode-01.dbmi.pitt.edu/l/index.php?id=90	COUNT
1304567-35104883	SPL_SPLICER	positive	2	1	http://dbmi-icode-01.dbmi.pitt.edu/l/index.php?id=91	COUNT
1304567-35205185	SPL_SPLICER	positive	2	2	http://dbmi-icode-01.dbmi.pitt.edu/l/index.php?id=92	COUNT
1304567-36110597	SPL_SPLICER	positive	2	1	http://dbmi-icode-01.dbmi.pitt.edu/l/index.php?id=93	COUNT
1304567-35607414	SPL_SPLICER	positive	2	1	http://dbmi-icode-01.dbmi.pitt.edu/l/index.php?id=94	COUNT
1304567-35205259	SPL_SPLICER	positive	2	1	http://dbmi-icode-01.dbmi.pitt.edu/l/index.php?id=95	COUNT
1304567-36718132	SPL_SPLICER	positive	2	2	http://dbmi-icode-01.dbmi.pitt.edu/l/index.php?id=96	COUNT
1304567-37219905	SPL_SPLICER	positive	2	2	http://dbmi-icode-01.dbmi.pitt.edu/l/index.php?id=97	COUNT
1304567-35205240	SPL_SPLICER	positive	2	1	http://dbmi-icode-01.dbmi.pitt.edu/l/index.php?id=98	COUNT
1304567-36110026	SPL_SPLICER	positive	2	1	http://dbmi-icode-01.dbmi.pitt.edu/l/index.php?id=99	COUNT
1304567-35708240	SPL_SPLICER	positive	2	1	http://dbmi-icode-01.dbmi.pitt.edu/l/index.php?id=9a	COUNT
1304567-35809207	SPL_SPLICER	positive	2	2	http://dbmi-icode-01.dbmi.pitt.edu/l/index.php?id=9b	COUNT
1304567-35104281	SPL_SPLICER	positive	2	2	http://dbmi-icode-01.dbmi.pitt.edu/l/index.php?id=9c	COUNT
1304567-36110642	SPL_SPLICER	positive	2	2	http://dbmi-icode-01.dbmi.pitt.edu/l/index.php?id=9d	COUNT
1304567-35205189	SPL_SPLICER	positive	2	1	http://dbmi-icode-01.dbmi.pitt.edu/l/index.php?id=9e	COUNT
1304567-35204924	SPL_SPLICER	positive	2	1	http://dbmi-icode-01.dbmi.pitt.edu/l/index.php?id=9f	COUNT
1304567-36416606	SPL_SPLICER	positive	2	1	http://dbmi-icode-01.dbmi.pitt.edu/l/index.php?id=9g	COUNT
1304567-35708100	SPL_SPLICER	positive	2	2	http://dbmi-icode-01.dbmi.pitt.edu/l/index.php?id=9h	COUNT
1304567-36009711	SPL_SPLICER	positive	2	2	http://dbmi-icode-01.dbmi.pitt.edu/l/index.php?id=9i	COUNT
1304567-35104113	SPL_SPLICER	positive	2	1	http://dbmi-icode-01.dbmi.pitt.edu/l/index.php?id=9j	COUNT
1304567-37622449	SPL_SPLICER	positive	2	2	http://dbmi-icode-01.dbmi.pitt.edu/l/index.php?id=9k	COUNT
1304567-36718379	SPL_SPLICER	positive	2	1	http://dbmi-icode-01.dbmi.pitt.edu/l/index.php?id=9l	COUNT
1304567-36009783	SPL_SPLICER	positive	2	2	http://dbmi-icode-01.dbmi.pitt.edu/l/index.php?id=9m	COUNT
1304567-37219897	SPL_SPLICER	positive	2	1	http://dbmi-icode-01.dbmi.pitt.edu/l/index.php?id=9n	COUNT
1304567-37622446	SPL_SPLICER	positive	2	2	http://dbmi-icode-01.dbmi.pitt.edu/l/index.php?id=9o	COUNT
1304567-37219868	SPL_SPLICER	positive	2	1	http://dbmi-icode-01.dbmi.pitt.edu/l/index.php?id=9p	COUNT
1304567-37622460	SPL_SPLICER	positive	2	1	http://dbmi-icode-01.dbmi.pitt.edu/l/index.php?id=9q	COUNT
1304567-35205038	SPL_SPLICER	positive	2	2	http://dbmi-icode-01.dbmi.pitt.edu/l/index.php?id=9r	COUNT
1304567-36718045	SPL_SPLICER	positive	2	1	http://dbmi-icode-01.dbmi.pitt.edu/l/index.php?id=9s	COUNT
1304567-35809133	SPL_SPLICER	positive	2	1	http://dbmi-icode-01.dbmi.pitt.edu/l/index.php?id=9t	COUNT
1304567-36718526	SPL_SPLICER	positive	2	1	http://dbmi-icode-01.dbmi.pitt.edu/l/index.php?id=9u	COUNT
1304567-36009703	SPL_SPLICER	positive	2	2	http://dbmi-icode-01.dbmi.pitt.edu/l/index.php?id=9v	COUNT
19080258-36009711	SPL_SPLICER	positive	2	1	http://dbmi-icode-01.dbmi.pitt.edu/l/index.php?id=9w	COUNT
19080258-37019406	SPL_SPLICER	positive	2	2	http://dbmi-icode-01.dbmi.pitt.edu/l/index.php?id=9x	COUNT
19080258-35809076	SPL_SPLICER	positive	2	2	http://dbmi-icode-01.dbmi.pitt.edu/l/index.php?id=9y	COUNT
19080258-35809310	SPL_SPLICER	positive	2	2	http://dbmi-icode-01.dbmi.pitt.edu/l/index.php?id=9z	COUNT
19080258-35707864	SPL_SPLICER	positive	2	2	http://dbmi-icode-01.dbmi.pitt.edu/l/index.php?id=a0	COUNT
19080258-35809054	SPL_SPLICER	positive	2	2	http://dbmi-icode-01.dbmi.pitt.edu/l/index.php?id=a1	COUNT
19080258-35809059	SPL_SPLICER	positive	2	2	http://dbmi-icode-01.dbmi.pitt.edu/l/index.php?id=a2	COUNT
19080258-37119529	SPL_SPLICER	positive	2	2	http://dbmi-icode-01.dbmi.pitt.edu/l/index.php?id=a3	COUNT
19080258-36718317	SPL_SPLICER	positive	2	2	http://dbmi-icode-01.dbmi.pitt.edu/l/index.php?id=a4	COUNT
19080258-36718338	SPL_SPLICER	positive	2	2	http://dbmi-icode-01.dbmi.pitt.edu/l/index.php?id=a5	COUNT
19080258-36516888	SPL_SPLICER	positive	2	2	http://dbmi-icode-01.dbmi.pitt.edu/l/index.php?id=a6	COUNT
19080258-35104883	SPL_SPLICER	positive	2	2	http://dbmi-icode-01.dbmi.pitt.edu/l/index.php?id=a7	COUNT
19080258-36718141	SPL_SPLICER	positive	2	2	http://dbmi-icode-01.dbmi.pitt.edu/l/index.php?id=a8	COUNT
19080258-37622529	SPL_SPLICER	positive	2	2	http://dbmi-icode-01.dbmi.pitt.edu/l/index.php?id=a9	COUNT
19080258-35909613	SPL_SPLICER	positive	2	2	http://dbmi-icode-01.dbmi.pitt.edu/l/index.php?id=aa	COUNT
19080258-35809082	SPL_SPLICER	positive	2	2	http://dbmi-icode-01.dbmi.pitt.edu/l/index.php?id=ab	COUNT
19080258-35205025	SPL_SPLICER	positive	2	2	http://dbmi-icode-01.dbmi.pitt.edu/l/index.php?id=ac	COUNT
19080258-37320122	SPL_SPLICER	positive	2	2	http://dbmi-icode-01.dbmi.pitt.edu/l/index.php?id=ad	COUNT
19080258-35809133	SPL_SPLICER	positive	2	2	http://dbmi-icode-01.dbmi.pitt.edu/l/index.php?id=ae	COUNT
19080258-36110715	SPL_SPLICER	positive	2	2	http://dbmi-icode-01.dbmi.pitt.edu/l/index.php?id=af	COUNT
19080258-36918942	SPL_SPLICER	positive	2	2	http://dbmi-icode-01.dbmi.pitt.edu/l/index.php?id=ag	COUNT
19080258-36918984	SPL_SPLICER	positive	2	2	http://dbmi-icode-01.dbmi.pitt.edu/l/index.php?id=ah	COUNT
19080258-35708100	SPL_SPLICER	positive	2	2	http://dbmi-icode-01.dbmi.pitt.edu/l/index.php?id=ai	COUNT
19080258-36718395	SPL_SPLICER	positive	2	2	http://dbmi-icode-01.dbmi.pitt.edu/l/index.php?id=aj	COUNT
19080258-36919230	SPL_SPLICER	positive	2	2	http://dbmi-icode-01.dbmi.pitt.edu/l/index.php?id=ak	COUNT
19080258-36718175	SPL_SPLICER	positive	2	2	http://dbmi-icode-01.dbmi.pitt.edu/l/index.php?id=al	COUNT
19080258-35809139	SPL_SPLICER	positive	2	2	http://dbmi-icode-01.dbmi.pitt.edu/l/index.php?id=am	COUNT
19080258-35104868	SPL_SPLICER	positive	2	2	http://dbmi-icode-01.dbmi.pitt.edu/l/index.php?id=an	COUNT
19080258-36718368	SPL_SPLICER	positive	2	2	http://dbmi-icode-01.dbmi.pitt.edu/l/index.php?id=ao	COUNT
19080258-37220014	SPL_SPLICER	positive	2	2	http://dbmi-icode-01.dbmi.pitt.edu/l/index.php?id=ap	COUNT
19080258-35708724	SPL_SPLICER	positive	2	2	http://dbmi-icode-01.dbmi.pitt.edu/l/index.php?id=aq	COUNT
19080258-37320197	SPL_SPLICER	positive	2	2	http://dbmi-icode-01.dbmi.pitt.edu/l/index.php?id=ar	COUNT
19080258-36211303	SPL_SPLICER	positive	2	2	http://dbmi-icode-01.dbmi.pitt.edu/l/index.php?id=as	COUNT
19080258-36918918	SPL_SPLICER	positive	2	2	http://dbmi-icode-01.dbmi.pitt.edu/l/index.php?id=at	COUNT
19080258-36718265	SPL_SPLICER	positive	2	2	http://dbmi-icode-01.dbmi.pitt.edu/l/index.php?id=au	COUNT
19080258-36416512	SPL_SPLICER	positive	2	2	http://dbmi-icode-01.dbmi.pitt.edu/l/index.php?id=av	COUNT
19080258-35708208	SPL_SPLICER	positive	2	2	http://dbmi-icode-01.dbmi.pitt.edu/l/index.php?id=aw	COUNT
19080258-36009700	SPL_SPLICER	positive	2	1	http://dbmi-icode-01.dbmi.pitt.edu/l/index.php?id=ax	COUNT
19080258-35708690	SPL_SPLICER	positive	2	2	http://dbmi-icode-01.dbmi.pitt.edu/l/index.php?id=ay	COUNT
19080258-35809072	SPL_SPLICER	positive	2	2	http://dbmi-icode-01.dbmi.pitt.edu/l/index.php?id=az	COUNT
19080258-36919235	SPL_SPLICER	positive	2	2	http://dbmi-icode-01.dbmi.pitt.edu/l/index.php?id=b0	COUNT
19080258-35205034	SPL_SPLICER	positive	2	2	http://dbmi-icode-01.dbmi.pitt.edu/l/index.php?id=b1	COUNT
19080258-36718555	SPL_SPLICER	positive	2	2	http://dbmi-icode-01.dbmi.pitt.edu/l/index.php?id=b2	COUNT
19080258-36312077	SPL_SPLICER	positive	2	2	http://dbmi-icode-01.dbmi.pitt.edu/l/index.php?id=b3	COUNT
19080258-36718379	SPL_SPLICER	positive	2	2	http://dbmi-icode-01.dbmi.pitt.edu/l/index.php?id=b4	COUNT
19080258-35809134	SPL_SPLICER	positive	2	2	http://dbmi-icode-01.dbmi.pitt.edu/l/index.php?id=b5	COUNT
19080258-36918904	SPL_SPLICER	positive	2	2	http://dbmi-icode-01.dbmi.pitt.edu/l/index.php?id=b6	COUNT
19080258-35707763	SPL_SPLICER	positive	2	2	http://dbmi-icode-01.dbmi.pitt.edu/l/index.php?id=b7	COUNT
19080258-35708139	SPL_SPLICER	positive	2	2	http://dbmi-icode-01.dbmi.pitt.edu/l/index.php?id=b8	COUNT
19080258-35909501	SPL_SPLICER	positive	2	2	http://dbmi-icode-01.dbmi.pitt.edu/l/index.php?id=b9	COUNT
19080258-36919069	SPL_SPLICER	positive	2	2	http://dbmi-icode-01.dbmi.pitt.edu/l/index.php?id=ba	COUNT
19080258-37019409	SPL_SPLICER	positive	2	2	http://dbmi-icode-01.dbmi.pitt.edu/l/index.php?id=bb	COUNT
19080258-36416600	SPL_SPLICER	positive	2	2	http://dbmi-icode-01.dbmi.pitt.edu/l/index.php?id=bc	COUNT
19080258-36718526	SPL_SPLICER	positive	2	2	http://dbmi-icode-01.dbmi.pitt.edu/l/index.php?id=bd	COUNT
19080258-37019396	SPL_SPLICER	positive	2	2	http://dbmi-icode-01.dbmi.pitt.edu/l/index.php?id=be	COUNT
19080258-35708202	SPL_SPLICER	positive	2	2	http://dbmi-icode-01.dbmi.pitt.edu/l/index.php?id=bf	COUNT
19080258-36211496	SPL_SPLICER	positive	2	2	http://dbmi-icode-01.dbmi.pitt.edu/l/index.php?id=bg	COUNT
19080258-35204948	SPL_SPLICER	positive	2	2	http://dbmi-icode-01.dbmi.pitt.edu/l/index.php?id=bh	COUNT
19080258-35909503	SPL_SPLICER	positive	2	2	http://dbmi-icode-01.dbmi.pitt.edu/l/index.php?id=bi	COUNT
19080258-37119647	SPL_SPLICER	positive	2	2	http://dbmi-icode-01.dbmi.pitt.edu/l/index.php?id=bj	COUNT
19080258-35708151	SPL_SPLICER	positive	2	2	http://dbmi-icode-01.dbmi.pitt.edu/l/index.php?id=bk	COUNT
19080258-36311983	SPL_SPLICER	positive	2	2	http://dbmi-icode-01.dbmi.pitt.edu/l/index.php?id=bl	COUNT
19080258-36718132	SPL_SPLICER	positive	2	2	http://dbmi-icode-01.dbmi.pitt.edu/l/index.php?id=bm	COUNT
19080258-36919194	SPL_SPLICER	positive	2	2	http://dbmi-icode-01.dbmi.pitt.edu/l/index.php?id=bn	COUNT
19080258-35506663	SPL_SPLICER	positive	2	2	http://dbmi-icode-01.dbmi.pitt.edu/l/index.php?id=bo	COUNT
19080258-37219893	SPL_SPLICER	positive	2	2	http://dbmi-icode-01.dbmi.pitt.edu/l/index.php?id=bp	COUNT
19080258-36110552	SPL_SPLICER	positive	2	2	http://dbmi-icode-01.dbmi.pitt.edu/l/index.php?id=bq	COUNT
19080258-36718272	SPL_SPLICER	positive	2	2	http://dbmi-icode-01.dbmi.pitt.edu/l/index.php?id=br	COUNT
19080258-36718458	SPL_SPLICER	positive	2	2	http://dbmi-icode-01.dbmi.pitt.edu/l/index.php?id=bs	COUNT
19080258-35708093	SPL_SPLICER	positive	2	2	http://dbmi-icode-01.dbmi.pitt.edu/l/index.php?id=bt	COUNT
19080258-36315380	SPL_SPLICER	positive	2	2	http://dbmi-icode-01.dbmi.pitt.edu/l/index.php?id=bu	COUNT
19080258-36918858	SPL_SPLICER	positive	2	2	http://dbmi-icode-01.dbmi.pitt.edu/l/index.php?id=bv	COUNT
19080258-35708153	SPL_SPLICER	positive	2	2	http://dbmi-icode-01.dbmi.pitt.edu/l/index.php?id=bw	COUNT
19080258-36718301	SPL_SPLICER	positive	2	2	http://dbmi-icode-01.dbmi.pitt.edu/l/index.php?id=bx	COUNT
19080258-36416634	SPL_SPLICER	positive	2	2	http://dbmi-icode-01.dbmi.pitt.edu/l/index.php?id=by	COUNT
19080258-36316389	SPL_SPLICER	positive	2	2	http://dbmi-icode-01.dbmi.pitt.edu/l/index.php?id=bz	COUNT
19080258-37119469	SPL_SPLICER	positive	2	2	http://dbmi-icode-01.dbmi.pitt.edu/l/index.php?id=c0	COUNT
19080258-37119691	SPL_SPLICER	positive	2	2	http://dbmi-icode-01.dbmi.pitt.edu/l/index.php?id=c1	COUNT
19080258-37119688	SPL_SPLICER	positive	2	2	http://dbmi-icode-01.dbmi.pitt.edu/l/index.php?id=c2	COUNT
19080258-35205184	SPL_SPLICER	positive	2	2	http://dbmi-icode-01.dbmi.pitt.edu/l/index.php?id=c3	COUNT
19080258-37119648	SPL_SPLICER	positive	2	2	http://dbmi-icode-01.dbmi.pitt.edu/l/index.php?id=c4	COUNT
19080258-35809130	SPL_SPLICER	positive	2	2	http://dbmi-icode-01.dbmi.pitt.edu/l/index.php?id=c5	COUNT
19080258-36718280	SPL_SPLICER	positive	2	2	http://dbmi-icode-01.dbmi.pitt.edu/l/index.php?id=c6	COUNT
19080258-35606985	SPL_SPLICER	positive	2	2	http://dbmi-icode-01.dbmi.pitt.edu/l/index.php?id=c7	COUNT
19080258-36718285	SPL_SPLICER	positive	2	2	http://dbmi-icode-01.dbmi.pitt.edu/l/index.php?id=c8	COUNT
19080258-36009724	SPL_SPLICER	positive	2	2	http://dbmi-icode-01.dbmi.pitt.edu/l/index.php?id=c9	COUNT
19080258-35506649	SPL_SPLICER	positive	2	2	http://dbmi-icode-01.dbmi.pitt.edu/l/index.php?id=ca	COUNT
19080258-35607452	SPL_SPLICER	positive	2	2	http://dbmi-icode-01.dbmi.pitt.edu/l/index.php?id=cb	COUNT
19080258-35809077	SPL_SPLICER	positive	2	2	http://dbmi-icode-01.dbmi.pitt.edu/l/index.php?id=cc	COUNT
19080258-36718137	SPL_SPLICER	positive	2	2	http://dbmi-icode-01.dbmi.pitt.edu/l/index.php?id=cd	COUNT
19080258-36110736	SPL_SPLICER	positive	2	2	http://dbmi-icode-01.dbmi.pitt.edu/l/index.php?id=ce	COUNT
19080258-35809039	SPL_SPLICER	positive	2	2	http://dbmi-icode-01.dbmi.pitt.edu/l/index.php?id=cf	COUNT
19080258-36211385	SPL_SPLICER	positive	2	2	http://dbmi-icode-01.dbmi.pitt.edu/l/index.php?id=cg	COUNT
19080258-35104306	SPL_SPLICER	positive	2	2	http://dbmi-icode-01.dbmi.pitt.edu/l/index.php?id=ch	COUNT
19080258-37219945	SPL_SPLICER	positive	2	2	http://dbmi-icode-01.dbmi.pitt.edu/l/index.php?id=ci	COUNT
19080258-35809043	SPL_SPLICER	positive	2	2	http://dbmi-icode-01.dbmi.pitt.edu/l/index.php?id=cj	COUNT
19080258-36211294	SPL_SPLICER	positive	2	2	http://dbmi-icode-01.dbmi.pitt.edu/l/index.php?id=ck	COUNT
19080258-35909625	SPL_SPLICER	positive	2	2	http://dbmi-icode-01.dbmi.pitt.edu/l/index.php?id=cl	COUNT
19080258-35607483	SPL_SPLICER	positive	2	2	http://dbmi-icode-01.dbmi.pitt.edu/l/index.php?id=cm	COUNT
19080258-36311980	SPL_SPLICER	positive	2	2	http://dbmi-icode-01.dbmi.pitt.edu/l/index.php?id=cn	COUNT
19080258-36718259	SPL_SPLICER	positive	2	2	http://dbmi-icode-01.dbmi.pitt.edu/l/index.php?id=co	COUNT
19080258-36919183	SPL_SPLICER	positive	2	2	http://dbmi-icode-01.dbmi.pitt.edu/l/index.php?id=cp	COUNT
19080258-37622521	SPL_SPLICER	positive	2	2	http://dbmi-icode-01.dbmi.pitt.edu/l/index.php?id=cq	COUNT
19080258-35606961	SPL_SPLICER	positive	2	2	http://dbmi-icode-01.dbmi.pitt.edu/l/index.php?id=cr	COUNT
19080258-36211297	SPL_SPLICER	positive	2	2	http://dbmi-icode-01.dbmi.pitt.edu/l/index.php?id=cs	COUNT
19080258-35205038	SPL_SPLICER	positive	2	2	http://dbmi-icode-01.dbmi.pitt.edu/l/index.php?id=ct	COUNT
19080258-35406391	SPL_SPLICER	positive	2	2	http://dbmi-icode-01.dbmi.pitt.edu/l/index.php?id=cu	COUNT
19080258-35809073	SPL_SPLICER	positive	2	2	http://dbmi-icode-01.dbmi.pitt.edu/l/index.php?id=cv	COUNT
19080258-35205185	SPL_SPLICER	positive	2	2	http://dbmi-icode-01.dbmi.pitt.edu/l/index.php?id=cw	COUNT
19080258-36919059	SPL_SPLICER	positive	2	2	http://dbmi-icode-01.dbmi.pitt.edu/l/index.php?id=cx	COUNT
19080258-35607306	SPL_SPLICER	positive	2	2	http://dbmi-icode-01.dbmi.pitt.edu/l/index.php?id=cy	COUNT
19080258-37019410	SPL_SPLICER	positive	2	2	http://dbmi-icode-01.dbmi.pitt.edu/l/index.php?id=cz	COUNT
19080258-36919118	SPL_SPLICER	positive	2	2	http://dbmi-icode-01.dbmi.pitt.edu/l/index.php?id=d0	COUNT
19080258-36009707	SPL_SPLICER	positive	2	2	http://dbmi-icode-01.dbmi.pitt.edu/l/index.php?id=d1	COUNT
19080258-37622481	SPL_SPLICER	positive	2	2	http://dbmi-icode-01.dbmi.pitt.edu/l/index.php?id=d2	COUNT
19080258-36416514	SPL_SPLICER	positive	2	2	http://dbmi-icode-01.dbmi.pitt.edu/l/index.php?id=d3	COUNT
19080258-36211183	SPL_SPLICER	positive	2	2	http://dbmi-icode-01.dbmi.pitt.edu/l/index.php?id=d4	COUNT
19080258-35708154	SPL_SPLICER	positive	2	2	http://dbmi-icode-01.dbmi.pitt.edu/l/index.php?id=d5	COUNT
19080258-35104125	SPL_SPLICER	positive	2	2	http://dbmi-icode-01.dbmi.pitt.edu/l/index.php?id=d6	COUNT
19080258-35506690	SPL_SPLICER	positive	2	2	http://dbmi-icode-01.dbmi.pitt.edu/l/index.php?id=d7	COUNT
19080258-37420495	SPL_SPLICER	positive	2	2	http://dbmi-icode-01.dbmi.pitt.edu/l/index.php?id=d8	COUNT
19080258-36919126	SPL_SPLICER	positive	2	2	http://dbmi-icode-01.dbmi.pitt.edu/l/index.php?id=d9	COUNT
19080258-37622440	SPL_SPLICER	positive	2	2	http://dbmi-icode-01.dbmi.pitt.edu/l/index.php?id=da	COUNT
19080258-37320212	SPL_SPLICER	positive	2	2	http://dbmi-icode-01.dbmi.pitt.edu/l/index.php?id=db	COUNT
19080258-35205037	SPL_SPLICER	positive	2	2	http://dbmi-icode-01.dbmi.pitt.edu/l/index.php?id=dc	COUNT
19080258-35809151	SPL_SPLICER	positive	2	2	http://dbmi-icode-01.dbmi.pitt.edu/l/index.php?id=dd	COUNT
19080258-35708106	SPL_SPLICER	positive	2	2	http://dbmi-icode-01.dbmi.pitt.edu/l/index.php?id=de	COUNT
19080258-36718321	SPL_SPLICER	positive	2	2	http://dbmi-icode-01.dbmi.pitt.edu/l/index.php?id=df	COUNT
19080258-36718347	SPL_SPLICER	positive	2	2	http://dbmi-icode-01.dbmi.pitt.edu/l/index.php?id=dg	COUNT
19080258-37019319	SPL_SPLICER	positive	2	2	http://dbmi-icode-01.dbmi.pitt.edu/l/index.php?id=dh	COUNT
19080258-36110716	SPL_SPLICER	positive	2	2	http://dbmi-icode-01.dbmi.pitt.edu/l/index.php?id=di	COUNT
19080258-36516772	SPL_SPLICER	positive	2	2	http://dbmi-icode-01.dbmi.pitt.edu/l/index.php?id=dj	COUNT
19080258-35204989	SPL_SPLICER	positive	2	2	http://dbmi-icode-01.dbmi.pitt.edu/l/index.php?id=dk	COUNT
19080258-36516867	SPL_SPLICER	positive	2	2	http://dbmi-icode-01.dbmi.pitt.edu/l/index.php?id=dl	COUNT
19080258-37119607	SPL_SPLICER	positive	2	2	http://dbmi-icode-01.dbmi.pitt.edu/l/index.php?id=dm	COUNT
19080258-35104691	SPL_SPLICER	positive	2	2	http://dbmi-icode-01.dbmi.pitt.edu/l/index.php?id=dn	COUNT
19080258-35204963	SPL_SPLICER	positive	2	2	http://dbmi-icode-01.dbmi.pitt.edu/l/index.php?id=do	COUNT
19080258-36718510	SPL_SPLICER	positive	2	2	http://dbmi-icode-01.dbmi.pitt.edu/l/index.php?id=dp	COUNT
19080258-36919037	SPL_SPLICER	positive	2	2	http://dbmi-icode-01.dbmi.pitt.edu/l/index.php?id=dq	COUNT
19080258-36718193	SPL_SPLICER	positive	2	2	http://dbmi-icode-01.dbmi.pitt.edu/l/index.php?id=dr	COUNT
19080258-36313602	SPL_SPLICER	positive	2	2	http://dbmi-icode-01.dbmi.pitt.edu/l/index.php?id=ds	COUNT
19080258-37019411	SPL_SPLICER	positive	2	2	http://dbmi-icode-01.dbmi.pitt.edu/l/index.php?id=dt	COUNT
19080258-36918937	SPL_SPLICER	positive	2	2	http://dbmi-icode-01.dbmi.pitt.edu/l/index.php?id=du	COUNT
19080258-36313547	SPL_SPLICER	positive	2	2	http://dbmi-icode-01.dbmi.pitt.edu/l/index.php?id=dv	COUNT
19080258-36919035	SPL_SPLICER	positive	2	2	http://dbmi-icode-01.dbmi.pitt.edu/l/index.php?id=dw	COUNT
19080258-37119601	SPL_SPLICER	positive	2	2	http://dbmi-icode-01.dbmi.pitt.edu/l/index.php?id=dx	COUNT
19080258-35104119	SPL_SPLICER	positive	2	2	http://dbmi-icode-01.dbmi.pitt.edu/l/index.php?id=dy	COUNT
19080258-35205236	SPL_SPLICER	positive	2	2	http://dbmi-icode-01.dbmi.pitt.edu/l/index.php?id=dz	COUNT
40171668-36211303	SPL_SPLICER	positive	2	1	http://dbmi-icode-01.dbmi.pitt.edu/l/index.php?id=e0	COUNT
40171668-36718379	SPL_SPLICER	positive	2	1	http://dbmi-icode-01.dbmi.pitt.edu/l/index.php?id=e1	COUNT
40171668-36315398	SPL_SPLICER	positive	2	1	http://dbmi-icode-01.dbmi.pitt.edu/l/index.php?id=e2	COUNT
40171668-36918860	SPL_SPLICER	positive	2	1	http://dbmi-icode-01.dbmi.pitt.edu/l/index.php?id=e3	COUNT
40171668-35708139	SPL_SPLICER	positive	2	1	http://dbmi-icode-01.dbmi.pitt.edu/l/index.php?id=e4	COUNT
40171668-35104874	SPL_SPLICER	positive	2	1	http://dbmi-icode-01.dbmi.pitt.edu/l/index.php?id=e5	COUNT
40171668-35205259	SPL_SPLICER	positive	2	1	http://dbmi-icode-01.dbmi.pitt.edu/l/index.php?id=e6	COUNT
40171668-35104868	SPL_SPLICER	positive	2	1	http://dbmi-icode-01.dbmi.pitt.edu/l/index.php?id=e7	COUNT
40171668-37019320	SPL_SPLICER	positive	2	1	http://dbmi-icode-01.dbmi.pitt.edu/l/index.php?id=e8	COUNT
40171668-35809076	SPL_SPLICER	positive	2	1	http://dbmi-icode-01.dbmi.pitt.edu/l/index.php?id=e9	COUNT
40171668-35809082	SPL_SPLICER	positive	2	1	http://dbmi-icode-01.dbmi.pitt.edu/l/index.php?id=ea	COUNT
40171668-37019423	SPL_SPLICER	positive	2	1	http://dbmi-icode-01.dbmi.pitt.edu/l/index.php?id=eb	COUNT
40171668-35707649	SPL_SPLICER	positive	2	1	http://dbmi-icode-01.dbmi.pitt.edu/l/index.php?id=ec	COUNT
40171668-37320212	SPL_SPLICER	positive	2	1	http://dbmi-icode-01.dbmi.pitt.edu/l/index.php?id=ed	COUNT
40171668-37219907	SPL_SPLICER	positive	2	1	http://dbmi-icode-01.dbmi.pitt.edu/l/index.php?id=ee	COUNT
40171668-37622443	SPL_SPLICER	positive	2	1	http://dbmi-icode-01.dbmi.pitt.edu/l/index.php?id=ef	COUNT
40171668-36516958	SPL_SPLICER	positive	2	1	http://dbmi-icode-01.dbmi.pitt.edu/l/index.php?id=eg	COUNT
40171668-36110715	SPL_SPLICER	positive	2	1	http://dbmi-icode-01.dbmi.pitt.edu/l/index.php?id=eh	COUNT
40171668-35809072	SPL_SPLICER	positive	2	1	http://dbmi-icode-01.dbmi.pitt.edu/l/index.php?id=ei	COUNT
40171668-36009762	SPL_SPLICER	positive	2	1	http://dbmi-icode-01.dbmi.pitt.edu/l/index.php?id=ej	COUNT
40171668-36110933	SPL_SPLICER	positive	2	1	http://dbmi-icode-01.dbmi.pitt.edu/l/index.php?id=ek	COUNT
40171668-37622501	SPL_SPLICER	positive	2	1	http://dbmi-icode-01.dbmi.pitt.edu/l/index.php?id=el	COUNT
40171668-35104883	SPL_SPLICER	positive	2	1	http://dbmi-icode-01.dbmi.pitt.edu/l/index.php?id=em	COUNT
40171668-35707713	SPL_SPLICER	positive	2	1	http://dbmi-icode-01.dbmi.pitt.edu/l/index.php?id=en	COUNT
40171668-35909473	SPL_SPLICER	positive	2	1	http://dbmi-icode-01.dbmi.pitt.edu/l/in